DELETE FROM JJDISPUTED_COUNT;
DELETE FROM JJDISPUTE_REMARK;
DELETE FROM JJDISPUTE;

INSERT INTO JJDISPUTE 
(ID, TICKET_NUMBER, CREATED_BY, CREATED_TS,     MODIFIED_BY, MODIFIED_TS,    COURT_AGEN_ID, COURTHOUSE_LOCATION,               OCCAM_DISPUTANT_SURNAME_NM, OCCAM_DISPUTANT_GIVEN1NM,  OFFENCE_LOCATION, FINE_REDUCTION_REASON,    TIME_TO_PAY_REASON,               ENFORCEMENT_OFFICER, JJ_ASSIGNED_TO, POLICE_DETACHMENT, VIOLATION_DATE,     STATUS, SUBMITTED_TS,   ICBC_RECEIVED_DATE, HEARING_TYPE, LAW_FIRM_NAME,                  LAWYER_SURNAME, LAWYER_GIVEN_NAME1, LAWYER_GIVEN_NAME2, LAWYER_GIVEN_NAME3, INTERPRETER_LANGUAGE_CD, WITNESS_NO, DISPUTANT_ATTENDANCE_TYPE, ADDRESS_LINE1,           DISPUTANT_BIRTHDATE, DRIVERS_LICENCE_NUMBER, DRV_LIC_ISSUED_CTRY_ID, DRV_LIC_ISSUED_PROV_SEQ_NO,  EMAIL_ADDRESS,               CONTACT_GIVEN_NAME1, CONTACT_GIVEN_NAME2, CONTACT_SURNAME ) VALUES
(1,  'EA07789631',  'System',   LOCALTIMESTAMP, 'System',    LOCALTIMESTAMP, '10250.0007',  'Robson Square Provincial Court', 'Doe',                       'John',                    'Victoria',       '',                       'Need my salary to be deposited', 'Steven Allan',      null,           'West Shore',      LOCALTIMESTAMP,     'NEW',  LOCALTIMESTAMP, LOCALTIMESTAMP,     'W',          '',                             '',             '',                 '',                 '',                 '',                      0,          'WRITTEN_REASONS',         '3-1409 Camosun Street', '1965-07-01',        '1234567',              '1',                    '1',                       'colm.ohiggins@nttdata.com', 'John',              null,               'Doe'           ),
(2,  'EA01115469',  'System',   LOCALTIMESTAMP, 'System',    LOCALTIMESTAMP, '10250.0007',  'Robson Square Provincial Court', 'Doe',                       'John',                    'Victoria',       'Just started a new job', '',                               'Steven Allan',      null,           'West Shore',      LOCALTIMESTAMP,     'NEW',  LOCALTIMESTAMP, LOCALTIMESTAMP,     'W',          '',                             '',             '',                 '',                 '',                 '',                      0,          'WRITTEN_REASONS',         '3-1409 Camosun Street', '1965-07-01',        '1234567',              '1',                    '1',                       'colm.ohiggins@nttdata.com', 'John',              null,               'Doe'           ),
(3,  'EA04788952',  'System',   LOCALTIMESTAMP, 'System',    LOCALTIMESTAMP, '10250.0007',  'Robson Square Provincial Court', 'Doe',                       'John',                    'Victoria',       'Just started a new job', 'Need my salary to be deposited', 'Steven Allan',      null,           'West Shore',      LOCALTIMESTAMP,     'NEW',  LOCALTIMESTAMP, LOCALTIMESTAMP,     'W',          '',                             '',             '',                 '',                 '',                 '',                      0,          'WRITTEN_REASONS',         '3-1409 Camosun Street', '1965-07-01',        '1234567',              '1',                    '1',                       'colm.ohiggins@nttdata.com', 'John',              null,               'Doe'           ),
(4,  'EA05888445',  'System',   LOCALTIMESTAMP, 'System',    LOCALTIMESTAMP, '10250.0007',  'Robson Square Provincial Court', 'Doe',                       'John',                    'Victoria',       'Just started a new job', 'Need my salary to be deposited', 'Steven Allan',      null,           'West Shore',      LOCALTIMESTAMP,     'NEW',  LOCALTIMESTAMP, LOCALTIMESTAMP,     'W',          '',                             '',             '',                 '',                 '',                 '',                      0,          'WRITTEN_REASONS',         '3-1409 Camosun Street', '1965-07-01',        '1234567',              '1',                    '1',                       'colm.ohiggins@nttdata.com', 'John',              null,               'Doe'           ),
(5,  'AO38375804',  'System',   LOCALTIMESTAMP, 'System',    LOCALTIMESTAMP, '10250.0007',  'Robson Square Provincial Court', 'Doe',                       'John',                    'Victoria',       'Just started a new job', 'Need my salary to be deposited', 'Steven Allan',      null,           'West Shore',      '2023-12-31T23:59', 'NEW',  LOCALTIMESTAMP, LOCALTIMESTAMP,     'W',          '',                             '',             '',                 '',                 '',                 '',                      0,          'WRITTEN_REASONS',         '3-1409 Camosun Street', '1965-07-01',        '1234567',              '1',                    '1',                       'colm.ohiggins@nttdata.com', 'John',              null,               'Doe'           ),
(6,  'AU46117415',  'System',   LOCALTIMESTAMP, 'System',    LOCALTIMESTAMP, '10250.0007',  'Robson Square Provincial Court', 'Doe',                       'John',                    'Victoria',       'Just started a new job', 'Need my salary to be deposited', 'Steven Allan',      null,           'West Shore',      LOCALTIMESTAMP,     'NEW',  LOCALTIMESTAMP, LOCALTIMESTAMP,     'W',          '',                             '',             '',                 '',                 '',                 '',                      0,          'WRITTEN_REASONS',         '3-1409 Camosun Street', '1965-07-01',        '1234567',              '1',                    '1',                       'colm.ohiggins@nttdata.com', 'John',              null,               'Doe'           ),
(7,  'ST04605407',  'System',   LOCALTIMESTAMP, 'System',    LOCALTIMESTAMP, '10250.0007',  'Robson Square Provincial Court', 'Doe',                       'John',                    'Victoria',       'Just started a new job', 'Need my salary to be deposited', 'Steven Allan',      null,           'West Shore',      LOCALTIMESTAMP,     'NEW',  LOCALTIMESTAMP, LOCALTIMESTAMP,     'W',          '',                             '',             '',                 '',                 '',                 '',                      0,          'WRITTEN_REASONS',         '3-1409 Camosun Street', '1965-07-01',        '1234567',              '1',                    '1',                       'colm.ohiggins@nttdata.com', 'John',              null,               'Doe'           ),
(8,  'EA04591312',  'System',   LOCALTIMESTAMP, 'System',    LOCALTIMESTAMP, '8807.0007',   'Victoria Law Courts',            'Doe',                       'John',                    'Victoria',       'Just started a new job', '',                               'Steven Allan',      null,           'West Shore',      LOCALTIMESTAMP,     'NEW',  LOCALTIMESTAMP, LOCALTIMESTAMP,     'W',          '',                             '',             '',                 '',                 '',                 '',                      0,          'WRITTEN_REASONS',         '3-1409 Camosun Street', '1965-07-01',        '1234567',              '1',                    '1',                       'colm.ohiggins@nttdata.com', 'John',              null,               'Doe'           ),
(9,  'EA06555313',  'System',   LOCALTIMESTAMP, 'System',    LOCALTIMESTAMP, '8807.0007',   'Victoria Law Courts',            'Doe',                       'John',                    'Victoria',       'Just started a new job', '',                               'Steven Allan',      null,           'West Shore',      LOCALTIMESTAMP,     'NEW',  LOCALTIMESTAMP, LOCALTIMESTAMP,     'W',          '',                             '',             '',                 '',                 '',                 '',                      0,          'WRITTEN_REASONS',         '3-1409 Camosun Street', '1965-07-01',        '1234567',              '1',                    '1',                       'colm.ohiggins@nttdata.com', 'John',              null,               'Doe'           ),
(10, 'EA02314445',  'System',   LOCALTIMESTAMP, 'System',    LOCALTIMESTAMP, '8807.0007',   'Victoria Law Courts',            'Doe',                       'John',                    'Victoria',       'Just started a new job', '',                               'Steven Allan',      null,           'West Shore',      LOCALTIMESTAMP,     'NEW',  LOCALTIMESTAMP, LOCALTIMESTAMP,     'W',          '',                             '',             '',                 '',                 '',                 '',                      0,          'WRITTEN_REASONS',         '3-1409 Camosun Street', '1965-07-01',        '1234567',              '1',                    '1',                       'colm.ohiggins@nttdata.com', 'John',              null,               'Doe'           ),
(11, 'EA55588777',  'System',   LOCALTIMESTAMP, 'System',    LOCALTIMESTAMP, '8807.0007',   'Victoria Law Courts',            'Doe',                       'John',                    'Victoria',       'Just started a new job', '',                               'Steven Allan',      null,           'West Shore',      LOCALTIMESTAMP,     'NEW',  LOCALTIMESTAMP, LOCALTIMESTAMP,     'W',          '',                             '',             '',                 '',                 '',                 '',                      0,          'WRITTEN_REASONS',         '3-1409 Camosun Street', '1965-07-01',        '1234567',              '1',                    '1',                       'colm.ohiggins@nttdata.com', 'John',              null,               'Doe'           ),
(12, 'EA02000460',  'System',   LOCALTIMESTAMP, 'System',    LOCALTIMESTAMP, '8807.0007',   'Victoria Law Courts',            'Doe',                       'John',                    'Victoria',       '',                       'Need my salary to be deposited', 'Steven Allan',      null,           'West Shore',      '2022-12-07T9:54',  'PROG', LOCALTIMESTAMP, LOCALTIMESTAMP,     'W',          '',                             '',             '',                 '',                 '',                 '',                      0,          'WRITTEN_REASONS',         '3-1409 Camosun Street', '1965-07-01',        '1234567',              '1',                    '1',                       'colm.ohiggins@nttdata.com', 'John',              null,               'Doe'           ),
(13, 'EA02216655',  'System',   LOCALTIMESTAMP, 'System',    LOCALTIMESTAMP, '9393.0007',   'Abbotsford Provincial Court',    'Doe',                       'John',                    'Victoria',       'Just started a new job', '',                               'Steven Allan',      null,           'West Shore',      LOCALTIMESTAMP,     'NEW',  LOCALTIMESTAMP, LOCALTIMESTAMP,     'W',          '',                             '',             '',                 '',                 '',                 '',                      0,          'WRITTEN_REASONS',         '3-1409 Camosun Street', '1965-07-01',        '1234567',              '1',                    '1',                       'colm.ohiggins@nttdata.com', 'John',              null,               'Doe'           ),
(14, 'AE44379079',  'System',   LOCALTIMESTAMP, 'System',    LOCALTIMESTAMP, '111.0007',    'Dease Lake Provincial Court',    'Doe',                       'John',                    'Victoria',       'Just started a new job', 'Need my salary to be deposited', 'Steven Allan',      null,           'West Shore',      LOCALTIMESTAMP,     'NEW',  LOCALTIMESTAMP, LOCALTIMESTAMP,     'W',          '',                             '',             '',                 '',                 '',                 '',                      0,          'WRITTEN_REASONS',         '3-1409 Camosun Street', '1965-07-01',        '1234567',              '1',                    '1',                       'colm.ohiggins@nttdata.com', 'John',              null,               'Doe'           ),
(15, 'ST04635407',  'System',   LOCALTIMESTAMP, 'System',    LOCALTIMESTAMP, '10246.0007',  'Pemberton Provincial Court',     'Doe',                       'John',                    'Victoria',       '',                       'Need my salary to be deposited', 'Steven Allan',      null,           'West Shore',      LOCALTIMESTAMP,     'NEW',  LOCALTIMESTAMP, LOCALTIMESTAMP,     'W',          '',                             '',             '',                 '',                 '',                 '',                      0,          'WRITTEN_REASONS',         '3-1409 Camosun Street', '1965-07-01',        '1234567',              '1',                    '1',                       'colm.ohiggins@nttdata.com', 'John',              null,               'Doe'           ),
(16, 'EA04567891',  'System',   LOCALTIMESTAMP, 'System',    LOCALTIMESTAMP, '10246.0007',  'Pemberton Provincial Court',     'Doe',                       'John',                    'Victoria',       '',                       'Need my salary to be deposited', 'Steven Allan',      null,           'West Shore',      LOCALTIMESTAMP,     'NEW',  LOCALTIMESTAMP, LOCALTIMESTAMP,     'W',          '',                             '',             '',                 '',                 '',                 '',                      0,          'WRITTEN_REASONS',         '3-1409 Camosun Street', '1965-07-01',        '1234567',              '1',                    '1',                       'colm.ohiggins@nttdata.com', 'John',              null,               'Doe'           ),
(17, 'EA09998887',  'System',   LOCALTIMESTAMP, 'System',    LOCALTIMESTAMP, '10246.0007',  'Pemberton Provincial Court',     'Doe',                       'John',                    'Victoria',       'Just started a new job', '',                               'Steven Allan',      null,           'West Shore',      LOCALTIMESTAMP,     'NEW',  LOCALTIMESTAMP, LOCALTIMESTAMP,     'W',          '',                             '',             '',                 '',                 '',                 '',                      0,          'WRITTEN_REASONS',         '3-1409 Camosun Street', '1965-07-01',        '1234567',              '1',                    '1',                       'colm.ohiggins@nttdata.com', 'John',              null,               'Doe'           ),
(18, 'EA01288745',  'System',   LOCALTIMESTAMP, 'System',    LOCALTIMESTAMP, '10246.0007',  'Pemberton Provincial Court',     'Doe',                       'John',                    'Victoria',       'Just started a new job', '',                               'Steven Allan',      null,           'West Shore',      LOCALTIMESTAMP,     'NEW',  LOCALTIMESTAMP, LOCALTIMESTAMP,     'W',          '',                             '',             '',                 '',                 '',                 '',                      0,          'WRITTEN_REASONS',         '3-1409 Camosun Street', '1965-07-01',        '1234567',              '1',                    '1',                       'colm.ohiggins@nttdata.com', 'John',              null,               'Doe'           ),
(19, 'EA03665215',  'System',   LOCALTIMESTAMP, 'System',    LOCALTIMESTAMP, '10246.0007',  'Pemberton Provincial Court',     'Doe',                       'John',                    'Victoria',       'Just started a new job', 'Need my salary to be deposited', 'Steven Allan',      null,           'West Shore',      LOCALTIMESTAMP,     'NEW',  LOCALTIMESTAMP, LOCALTIMESTAMP,     'W',          '',                             '',             '',                 '',                 '',                 '',                      0,          'WRITTEN_REASONS',         '3-1409 Camosun Street', '1965-07-01',        '1234567',              '1',                    '1',                       'colm.ohiggins@nttdata.com', 'John',              null,               'Doe'           ),
(20, 'EA00241528',  'System',   LOCALTIMESTAMP, 'System',    LOCALTIMESTAMP, '10250.0007',  'Robson Square Provincial Court', 'Hodge',                     'Francois',                'Victoria',       '',                       '',                               'Steven Allan',      'colmohig',     'West Shore',      LOCALTIMESTAMP,     'HEAR', LOCALTIMESTAMP, LOCALTIMESTAMP,     'C',          'Bartwell Law & Associates',    'BARTWELL',     'BART',             '',                 '',                 'Polish',                4,          'IN_PERSON',               '1298 Mapleview Place',  '1976-03-15',        '6455895',              '1',                    '1',                       'colm.ohiggins@nttdata.com', 'Francois',          'Robert',           'Hodge'         ),
(21, 'EA07789632',  'System',   LOCALTIMESTAMP, 'System',    LOCALTIMESTAMP, '10250.0007',  'Robson Square Provincial Court', 'Mulligan',                  'Chex',                    'Victoria',       '',                       '',                               'Steven Allan',      'colmohig',     'West Shore',      LOCALTIMESTAMP,     'HEAR', LOCALTIMESTAMP, LOCALTIMESTAMP,     'C',          '',                             '',             '',                 '',                 '',                 '',                      0,          'IN_PERSON',               '1298 Mapleview Place',  '1976-03-15',        '6455895',              '1',                    '1',                       'colm.ohiggins@nttdata.com', 'Chex',              null,               'Mulligan'      ),
(22, 'EA01115462',  'System',   LOCALTIMESTAMP, 'System',    LOCALTIMESTAMP, '10250.0007',  'Robson Square Provincial Court', 'Ben Adder',                 'Hamza',                   'Victoria',       '',                       '',                               'Steven Allan',      'colmohig',     'West Shore',      LOCALTIMESTAMP,     'HEAR', LOCALTIMESTAMP, LOCALTIMESTAMP,     'C',          'McGriff & Sons',               'McGriff',      'Dirk',             '',                 '',                 'Arabic',                4,          'IN_PERSON',               '1298 Mapleview Place',  '1976-03-15',        '6455895',              '1',                    '1',                       'colm.ohiggins@nttdata.com', 'Hamza',             null,               'Ben Adder'     ),
(23, 'EA04788953',  'System',   LOCALTIMESTAMP, 'System',    LOCALTIMESTAMP, '10250.0007',  'Robson Square Provincial Court', 'Mohammed',                  'Yusuf',                   'Victoria',       '',                       '',                               'Steven Allan',      'colmohig',     'West Shore',      LOCALTIMESTAMP,     'HEAR', LOCALTIMESTAMP, LOCALTIMESTAMP,     'C',          '',                             '',             '',                 '',                 '',                 'Arabic',                0,          'IN_PERSON',               '1298 Mapleview Place',  '1976-03-15',        '6455895',              '1',                    '1',                       'colm.ohiggins@nttdata.com', 'Yusuf',             null,               'Mohammed'      ),
(24, 'EA05888444',  'System',   LOCALTIMESTAMP, 'System',    LOCALTIMESTAMP, '10250.0007',  'Robson Square Provincial Court', 'Kim',                       'Ho-Jong',                 'Victoria',       '',                       '',                               'Steven Allan',      'colmohig',     'West Shore',      LOCALTIMESTAMP,     'HEAR', LOCALTIMESTAMP, LOCALTIMESTAMP,     'C',          '',                             '',             '',                 '',                 '',                 'Korean',                0,          'IN_PERSON',               '1298 Mapleview Place',  '1976-03-15',        '6455895',              '1',                    '1',                       'colm.ohiggins@nttdata.com', 'Ho-Jong',           null,               'Kim'           ),
(25, 'AO38375806',  'System',   LOCALTIMESTAMP, 'System',    LOCALTIMESTAMP, '10250.0007',  'Robson Square Provincial Court', 'LaRoque',                   'Charles',                 'Victoria',       '',                       '',                               'Steven Allan',      'colmohig',     'West Shore',      LOCALTIMESTAMP,     'HEAR', LOCALTIMESTAMP, LOCALTIMESTAMP,     'C',          '',                             '',             '',                 '',                 '',                 'French',                10,         'IN_PERSON',               '1298 Mapleview Place',  '1976-03-15',        '6455895',              '1',                    '1',                       'colm.ohiggins@nttdata.com', 'Charles',           null,               'Laroque'       ),
(26, 'AU46117416',  'System',   LOCALTIMESTAMP, 'System',    LOCALTIMESTAMP, '10250.0007',  'Robson Square Provincial Court', 'Klein',                     'Rebecca',                 'Victoria',       '',                       '',                               'Steven Allan',      'colmohig',     'West Shore',      LOCALTIMESTAMP,     'HEAR', LOCALTIMESTAMP, LOCALTIMESTAMP,     'C',          '',                             '',             '',                 '',                 '',                 '',                      3,          'IN_PERSON',               '1298 Mapleview Place',  '1976-03-15',        '6455895',              '1',                    '1',                       'colm.ohiggins@nttdata.com', 'Rebecca',           null,               'Klein'         ),
(27, 'ST04605408',  'System',   LOCALTIMESTAMP, 'System',    LOCALTIMESTAMP, '10250.0007',  'Robson Square Provincial Court', 'McIntosh',                  'Brian',                   'Victoria',       '',                       '',                               'Steven Allan',      'colmohig',     'West Shore',      LOCALTIMESTAMP,     'HEAR', LOCALTIMESTAMP, LOCALTIMESTAMP,     'C',          'Lional Hutz Storage Facility', 'Hutz',         'Lionel',           '',                 '',                 '',                      0,          'IN_PERSON',               '1298 Mapleview Place',  '1976-03-15',        '6455895',              '1',                    '1',                       'colm.ohiggins@nttdata.com', 'Brian',             null,               'McIntosh'      );

INSERT INTO JJDISPUTED_COUNT                                                                                                                                                                
(ID,  CREATED_BY, CREATED_TS,     MODIFIED_BY, MODIFIED_TS,    JJDISPUTE_ID, COUNT, APPEAR_IN_COURT, COMMENTS, DESCRIPTION,                                       PLEA, REQUEST_REDUCTION, TICKETED_FINE_AMOUNT, LESSER_OR_GREATER_AMOUNT, INCLUDES_SURCHARGE, REQUEST_TIME_TO_PAY, DUE_DATE,                         REVISED_DUE_DATE) VALUES 
(1,  'System',    LOCALTIMESTAMP, 'System',    LOCALTIMESTAMP, 1,            1,     'N',             '',       '146(1) Speed in/outside municipality',            'N',  'N',               196.00,               196.00,                   'Y',                'Y',                 DATEADD('DAY', 30, CURRENT_DATE), null),
(2,  'System',    LOCALTIMESTAMP, 'System',    LOCALTIMESTAMP, 2,            1,     'N',             '',       '146(3) Speed against highway sign',               'N',  'Y',               196.00,               196.00,                   'Y',                'N',                 DATEADD('DAY', 30, CURRENT_DATE), null),
(3,  'System',    LOCALTIMESTAMP, 'System',    LOCALTIMESTAMP, 3,            1,     'N',             '',       '146(3) Speed against highway sign',               'N',  'Y',               196.00,               196.00,                   'Y',                'Y',                 DATEADD('DAY', 30, CURRENT_DATE), null),
(4,  'System',    LOCALTIMESTAMP, 'System',    LOCALTIMESTAMP, 3,            2,     'N',             '',       '214.2(1) Using Electronic device while driving',  'N',  'Y',               368.00,               368.00,                   'Y',                'Y',                 DATEADD('DAY', 30, CURRENT_DATE), null),
(5,  'System',    LOCALTIMESTAMP, 'System',    LOCALTIMESTAMP, 3,            3,     'N',             '',       '214.2(2) Emailing or texting while driving',      'N',  'Y',               368.00,               368.00,                   'Y',                'Y',                 DATEADD('DAY', 30, CURRENT_DATE), null),
(6,  'System',    LOCALTIMESTAMP, 'System',    LOCALTIMESTAMP, 4,            1,     'N',             '',       '146(3) Speed against highway sign',               'N',  'Y',               138.00,               138.00,                   'Y',                'Y',                 DATEADD('DAY', 30, CURRENT_DATE), null),
(7,  'System',    LOCALTIMESTAMP, 'System',    LOCALTIMESTAMP, 5,            1,     'N',             '',       '194(3) Ride motorcycle without required helmet',  'N',  'Y',               138.00,               138.00,                   'Y',                'Y',                 DATEADD('DAY', 30, CURRENT_DATE), null),
(8,  'System',    LOCALTIMESTAMP, 'System',    LOCALTIMESTAMP, 5,            2,     'N',             '',       '148(1) Excessive speed',                          'N',  'Y',               483.00,               483.00,                   'Y',                'Y',                 DATEADD('DAY', 30, CURRENT_DATE), null),
(9,  'System',    LOCALTIMESTAMP, 'System',    LOCALTIMESTAMP, 6,            1,     'N',             '',       '147(1) Speed in School zone',                     'N',  'Y',               253.00,               253.00,                   'Y',                'Y',                 DATEADD('DAY', 30, CURRENT_DATE), null),
(10, 'System',    LOCALTIMESTAMP, 'System',    LOCALTIMESTAMP, 6,            2,     'N',             '',       '220(4) Fail to wear seatbelt',                    'N',  'Y',               167.00,               167.00,                   'Y',                'Y',                 DATEADD('DAY', 30, CURRENT_DATE), null),
(11, 'System',    LOCALTIMESTAMP, 'System',    LOCALTIMESTAMP, 7,            1,     'N',             '',       '129(1) Red light at intersection',                'N',  'Y',               167.00,               167.00,                   'Y',                'Y',                 DATEADD('DAY', 30, CURRENT_DATE), null),
(12, 'System',    LOCALTIMESTAMP, 'System',    LOCALTIMESTAMP, 8,            1,     'N',             '',       '214.2(1) Using Electronic device while driving',  'N',  'Y',               368.00,               368.00,                   'Y',                'N',                 DATEADD('DAY', 30, CURRENT_DATE), null),
(13, 'System',    LOCALTIMESTAMP, 'System',    LOCALTIMESTAMP, 8,            2,     'N',             '',       '214.2(2) Emailing or texting while driving',      'N',  'Y',               368.00,               368.00,                   'Y',                'N',                 DATEADD('DAY', 30, CURRENT_DATE), null),
(14, 'System',    LOCALTIMESTAMP, 'System',    LOCALTIMESTAMP, 9,            1,     'N',             '',       '146(1) Speed in/outside Municipality',            'N',  'Y',               196.00,               196.00,                   'Y',                'N',                 DATEADD('DAY', 30, CURRENT_DATE), null),
(15, 'System',    LOCALTIMESTAMP, 'System',    LOCALTIMESTAMP, 10,           1,     'N',             '',       '214.2(2) Emailing or texting while driving',      'N',  'Y',               368.00,               368.00,                   'Y',                'N',                 DATEADD('DAY', 30, CURRENT_DATE), null),
(16, 'System',    LOCALTIMESTAMP, 'System',    LOCALTIMESTAMP, 11,           1,     'N',             '',       '220(2) Operate vehicle without seatbelts',        'N',  'Y',               167.00,               167.00,                   'Y',                'N',                 DATEADD('DAY', 30, CURRENT_DATE), null),
(17, 'System',    LOCALTIMESTAMP, 'System',    LOCALTIMESTAMP, 12,           1,     'N',             '',       '220(4) Fail to wear seatbelt',                    'N',  'N',               167.00,               167.00,                   'Y',                'Y',                 DATEADD('DAY', 30, CURRENT_DATE), null),
(18, 'System',    LOCALTIMESTAMP, 'System',    LOCALTIMESTAMP, 12,           2,     'N',             '',       '220(6) Permit passenger without seatbelt',        'N',  'N',               167.00,               167.00,                   'Y',                'Y',                 DATEADD('DAY', 30, CURRENT_DATE), null),
(19, 'System',    LOCALTIMESTAMP, 'System',    LOCALTIMESTAMP, 13,           1,     'N',             '',       '24(1) No drivers licence/wrong class',            'N',  'Y',               276.00,               276.00,                   'Y',                'N',                 DATEADD('DAY', 30, CURRENT_DATE), null),
(20, 'System',    LOCALTIMESTAMP, 'System',    LOCALTIMESTAMP, 14,           1,     'N',             '',       '146(3) Speed against highway sign',               'N',  'Y',               138.00,               138.00,                   'Y',                'Y',                 DATEADD('DAY', 30, CURRENT_DATE), null),
(21, 'System',    LOCALTIMESTAMP, 'System',    LOCALTIMESTAMP, 15,           1,     'N',             '',       '24(1) No drivers license/wrong class',            'N',  'N',               276.00,               276.00,                   'Y',                'Y',                 DATEADD('DAY', 30, CURRENT_DATE), null),
(22, 'System',    LOCALTIMESTAMP, 'System',    LOCALTIMESTAMP, 15,           2,     'N',             '',       '146(3) Speed against highway sign',               'N',  'N',               368.00,               368.00,                   'Y',                'Y',                 DATEADD('DAY', 30, CURRENT_DATE), null),
(23, 'System',    LOCALTIMESTAMP, 'System',    LOCALTIMESTAMP, 15,           3,     'N',             '',       '214.2(1) Using Electronic device while driving',  'N',  'N',               368.00,               368.00,                   'Y',                'Y',                 DATEADD('DAY', 30, CURRENT_DATE), null),
(24, 'System',    LOCALTIMESTAMP, 'System',    LOCALTIMESTAMP, 16,           1,     'N',             '',       '146(1) Speed in/outside Municipality',            'N',  'N',               150.00,               150.00,                   'Y',                'Y',                 DATEADD('DAY', 30, CURRENT_DATE), null),
(25, 'System',    LOCALTIMESTAMP, 'System',    LOCALTIMESTAMP, 17,           1,     'N',             '',       '146(3) Speed against highway sign',               'N',  'Y',               196.00,               196.00,                   'Y',                'N',                 DATEADD('DAY', 30, CURRENT_DATE), null),
(26, 'System',    LOCALTIMESTAMP, 'System',    LOCALTIMESTAMP, 18,           1,     'N',             '',       '146(3) Speed against highway sign',               'N',  'Y',               196.00,               196.00,                   'Y',                'N',                 DATEADD('DAY', 30, CURRENT_DATE), null),
(27, 'System',    LOCALTIMESTAMP, 'System',    LOCALTIMESTAMP, 19,           1,     'N',             '',       '146(3) Speed against highway sign',               'N',  'Y',               368.00,               368.00,                   'Y',                'Y',                 DATEADD('DAY', 30, CURRENT_DATE), null),
(28, 'System',    LOCALTIMESTAMP, 'System',    LOCALTIMESTAMP, 20,           1,     'Y',             '',       '92.1(1) MVA - Fail to stop resulting in pursuit', 'G',  'N',               380.00,               380.00,                   'Y',                'N',                 DATEADD('DAY', 30, CURRENT_DATE), null),
(29, 'System',    LOCALTIMESTAMP, 'System',    LOCALTIMESTAMP, 20,           2,     'Y',             '',       '146(5) MVA 0 Speed against area sign',            'G',  'Y',               196.00,               196.00,                   'Y',                'N',                 DATEADD('DAY', 30, CURRENT_DATE), null),
(30, 'System',    LOCALTIMESTAMP, 'System',    LOCALTIMESTAMP, 20,           3,     'Y',             '',       '92.1(1) MVA - Fail to stop resulting in pursuit', 'G',  'N',               380.00,               380.00,                   'Y',                'N',                 DATEADD('DAY', 30, CURRENT_DATE), null),
(31, 'System',    LOCALTIMESTAMP, 'System',    LOCALTIMESTAMP, 21,           1,     'Y',             '',       '146(1) Speed in/outside Municipality',            'N',  'N',               196.00,               196.00,                   'Y',                'N',                 DATEADD('DAY', 30, CURRENT_DATE), null),
(32, 'System',    LOCALTIMESTAMP, 'System',    LOCALTIMESTAMP, 22,           1,     'Y',             '',       '146(3) Speed against highway sign',               'N',  'N',               196.00,               196.00,                   'Y',                'N',                 DATEADD('DAY', 30, CURRENT_DATE), null),
(33, 'System',    LOCALTIMESTAMP, 'System',    LOCALTIMESTAMP, 23,           1,     'Y',             '',       '146(3) Speed against highway sign',               'N',  'N',               196.00,               196.00,                   'Y',                'N',                 DATEADD('DAY', 30, CURRENT_DATE), null),
(34, 'System',    LOCALTIMESTAMP, 'System',    LOCALTIMESTAMP, 23,           2,     'Y',             '',       '214.2(1) Using Electronic device while driving',  'N',  'N',               368.00,               368.00,                   'Y',                'N',                 DATEADD('DAY', 30, CURRENT_DATE), null),
(35, 'System',    LOCALTIMESTAMP, 'System',    LOCALTIMESTAMP, 23,           3,     'Y',             '',       '214.2(2) Emailing or texting while driving',      'G',  'N',               368.00,               368.00,                   'Y',                'N',                 DATEADD('DAY', 30, CURRENT_DATE), null),
(36, 'System',    LOCALTIMESTAMP, 'System',    LOCALTIMESTAMP, 24,           1,     'Y',             '',       '146(3) Speed against highway sign',               'N',  'N',               138.00,               138.00,                   'Y',                'N',                 DATEADD('DAY', 30, CURRENT_DATE), null),
(37, 'System',    LOCALTIMESTAMP, 'System',    LOCALTIMESTAMP, 25,           1,     'Y',             '',       '194(3) Ride motorcycle without required helmet',  'G',  'N',               138.00,               138.00,                   'Y',                'N',                 DATEADD('DAY', 30, CURRENT_DATE), null),
(38, 'System',    LOCALTIMESTAMP, 'System',    LOCALTIMESTAMP, 25,           2,     'Y',             '',       '148(1) Excessive speed',                          'G',  'N',               483.00,               483.00,                   'Y',                'N',                 DATEADD('DAY', 30, CURRENT_DATE), null),
(39, 'System',    LOCALTIMESTAMP, 'System',    LOCALTIMESTAMP, 26,           1,     'Y',             '',       '147(1) Speed in School zone',                     'N',  'N',               253.00,               253.00,                   'Y',                'N',                 DATEADD('DAY', 30, CURRENT_DATE), null),
(40, 'System',    LOCALTIMESTAMP, 'System',    LOCALTIMESTAMP, 26,           2,     'Y',             '',       '220(4) Fail to wear seatbelt',                    'N',  'N',               167.00,               167.00,                   'Y',                'N',                 DATEADD('DAY', 30, CURRENT_DATE), null),
(41, 'System',    LOCALTIMESTAMP, 'System',    LOCALTIMESTAMP, 27,           1,     'Y',             '',       '129(1) Red light at intersection',                'N',  'N',               167.00,               167.00,                   'Y',                'N',                 DATEADD('DAY', 30, CURRENT_DATE), null);

INSERT INTO JJDISPUTE_COURT_APPEARANCE_ROP 
(ID, JJDISPUTE_ID, CREATED_BY, CREATED_TS,     MODIFIED_BY, MODIFIED_TS,    APPEARANCE_TS,         ROOM,  REASON, APP_CD,  NO_APP_TS, CLERK_RECORD, DEFENCE_COUNSEL, DATT_CD, CROWN, JJ_SEIZED, ADJUDICATOR,     COMMENTS,                                                                                         DURATION) VALUES 
(1,  20,           'System',   LOCALTIMESTAMP, 'System',    LOCALTIMESTAMP, LOCALTIMESTAMP,        '304', 'HR',   NULL,    NULL,      '',           '',              'N',     'P',   NULL,        'I.BLACKSTONE',  '',                                                                                               15),
(2,  21,           'System',   LOCALTIMESTAMP, 'System',    LOCALTIMESTAMP, '2023-03-03T08:00:00', 'n/a', 'HR',   NULL,    NULL,      '',           '',              'N',     NULL,  NULL,        'I.BLACKSTONE',  '',                                                                                               15),
(3,  21,           'System',   LOCALTIMESTAMP, 'System',    LOCALTIMESTAMP, '2022-10-22T08:00:00', 'n/a', 'HR',   'P',     NULL,      '',           '',              'N',     'P',   NULL,        'I.BLACKSTONE',  'Continuation, could not reach decision before court closure',                                    15),
(4,  22,           'System',   LOCALTIMESTAMP, 'System',    LOCALTIMESTAMP, '2023-03-03T08:15:00', 'n/a', 'HR',   NULL,    NULL,      '',           '',              'N',     NULL,  NULL,        'I.BLACKSTONE',  '',                                                                                               15),
(5,  22,           'System',   LOCALTIMESTAMP, 'System',    LOCALTIMESTAMP, '2022-08-08T08:15:00', 'n/a', 'HR',   'A',     NULL,      '',           'D. McGriff',    'N',     'P',   'Y',         'C. O''HIGGINS', 'Adjourned. Witnesses were unable to attend.',                                                    15),
(6,  22,           'System',   LOCALTIMESTAMP, 'System',    LOCALTIMESTAMP, '2022-04-01T10:15:00', 'n/a', 'HR',   'A',     NULL,      '',           'D. McGriff',    'N',     'P',   'Y',         'C. O''HIGGINS', 'Adjourned. Additional Exhibits requested by the Crown.',                                         15),
(7,  23,           'System',   LOCALTIMESTAMP, 'System',    LOCALTIMESTAMP, '2023-03-03T09:15:00', 'n/a', 'HR',   NULL,    NULL,      '',           '',              'N',     NULL,  NULL,        'C. O''HIGGINS', '',                                                                                               15),
(8,  23,           'System',   LOCALTIMESTAMP, 'System',    LOCALTIMESTAMP, '2023-03-03T09:30:00', 'n/a', 'HR',   NULL,    NULL,      '',           '',              'N',     NULL,  NULL,        'C. O''HIGGINS', '',                                                                                               15),
(9,  23,           'System',   LOCALTIMESTAMP, 'System',    LOCALTIMESTAMP, '2023-03-03T09:45:00', 'n/a', 'HR',   NULL,    NULL,      '',           '',              'N',     NULL,  NULL,        'C. O''HIGGINS', '',                                                                                               15),
(10, 26,           'System',   LOCALTIMESTAMP, 'System',    LOCALTIMESTAMP, '2023-03-03T10:00:00', 'n/a', 'HR',   NULL,    NULL,      '',           '',              'N',     NULL,  NULL,        'C. O''HIGGINS', '',                                                                                               15),
(11, 27,           'System',   LOCALTIMESTAMP, 'System',    LOCALTIMESTAMP, '2023-03-03T10:45:00', 'n/a', 'HR',   NULL,    NULL,      '',           '',              'N',     NULL,  NULL,        'C. O''HIGGINS', '',                                                                                               15),
(12, 27,           'System',   LOCALTIMESTAMP, 'System',    LOCALTIMESTAMP, '2022-11-01T10:45:00', 'n/a', 'HR',   'P',     NULL,      '',           'L. Hutz',       'C',     'P',   'Y',         'L. DAME',       'Lionel Hutz requested a conitinuation because the disputant forgot their exhibits on the bus. ', 15),
(13, 27,           'System',   LOCALTIMESTAMP, 'System',    LOCALTIMESTAMP, '2022-02-08T09:45:00', 'n/a', 'HR',   'P',     NULL,      '',           'L. Hutz',       'N',     'P',   'Y',         'L. DAME',       'Rescheduled due to COVID-19. ',                                                                  15);

INSERT INTO JJDISPUTED_COUNT_ROP 
(ID, JJDISPUTEDCOUNT_ID, CREATED_BY, CREATED_TS,     MODIFIED_BY, MODIFIED_TS,    FINDING, LESSER_DESCRIPTION, SS_PROBATION_DURATION, SS_PROBATION_CONDITIONS, JAIL_DURATION, JAIL_INTERMITTENT, PROBATION_DURATION, PROBATION_CONDITIONS, DRIVING_PROHIBITION, DRIVING_PROHIBITIONMVASECTION, DISMISSED, FOR_WANT_OF_PROSECUTION, WITHDRAWN, ABATEMENT, STAY_OF_PROCEEDINGS_BY, OTHER) VALUES
(1,  28,                 'System',   LOCALTIMESTAMP, 'System',    LOCALTIMESTAMP, null,    '',                 '',                     '',                     '',            'N',               '',                 '',                   '',                  '',                            'N',       'N',                     'N',       'N',       '',                     ''),
(2,  29,                 'System',   LOCALTIMESTAMP, 'System',    LOCALTIMESTAMP, 'GU',    '',                 '',                     '',                     '',            'N',               '',                 '',                   '',                  '',                            'N',       'N',                     'N',       'N',       '',                     ''),
(3,  30,                 'System',   LOCALTIMESTAMP, 'System',    LOCALTIMESTAMP, 'GU',    '',                 '',                     '',                     '',            'N',               '',                 '',                   '',                  '',                            'N',       'N',                     'N',       'N',       '',                     ''),
(4,  31,                 'System',   LOCALTIMESTAMP, 'System',    LOCALTIMESTAMP, 'GU',    '',                 '',                     '',                     '',            'N',               '',                 '',                   '',                  '',                            'N',       'N',                     'N',       'N',       '',                     ''),
(5,  32,                 'System',   LOCALTIMESTAMP, 'System',    LOCALTIMESTAMP, 'NG',    '',                 '',                     '',                     '',            'N',               '',                 '',                   '',                  '',                            'N',       'N',                     'N',       'N',       '',                     ''),
(6,  33,                 'System',   LOCALTIMESTAMP, 'System',    LOCALTIMESTAMP, 'NG',    '',                 '',                     '',                     '',            'N',               '',                 '',                   '',                  '',                            'N',       'N',                     'N',       'N',       '',                     ''),
(7,  34,                 'System',   LOCALTIMESTAMP, 'System',    LOCALTIMESTAMP, 'GU',    '',                 '',                     '',                     '',            'N',               '',                 '',                   '',                  '',                            'N',       'N',                     'N',       'N',       '',                     ''),
(8,  35,                 'System',   LOCALTIMESTAMP, 'System',    LOCALTIMESTAMP, null,    '',                 '',                     '',                     '',            'N',               '',                 '',                   '',                  '',                            'N',       'N',                     'N',       'N',       '',                     ''),
(9,  36,                 'System',   LOCALTIMESTAMP, 'System',    LOCALTIMESTAMP, 'GU',    '',                 '',                     '',                     '',            'N',               '',                 '',                   '',                  '',                            'N',       'N',                     'N',       'N',       '',                     ''),
(10, 37,                 'System',   LOCALTIMESTAMP, 'System',    LOCALTIMESTAMP, 'GL',    '',                 '',                     '',                     '',            'N',               '',                 '',                   '',                  '',                            'N',       'N',                     'N',       'N',       '',                     ''),
(11, 38,                 'System',   LOCALTIMESTAMP, 'System',    LOCALTIMESTAMP, 'GL',    '',                 '',                     '',                     '',            'N',               '',                 '',                   '',                  '',                            'N',       'N',                     'N',       'N',       '',                     ''),
(12, 39,                 'System',   LOCALTIMESTAMP, 'System',    LOCALTIMESTAMP, 'NG',    '',                 '',                     '',                     '',            'N',               '',                 '',                   '',                  '',                            'N',       'N',                     'N',       'N',       '',                     ''),
(13, 40,                 'System',   LOCALTIMESTAMP, 'System',    LOCALTIMESTAMP, 'GU',    '',                 '',                     '',                     '',            'N',               '',                 '',                   '',                  '',                            'N',       'N',                     'N',       'N',       '',                     ''),
(14, 41,                 'System',   LOCALTIMESTAMP, 'System',    LOCALTIMESTAMP, 'GL',    '',                 '',                     '',                     '',            'N',               '',                 '',                   '',                  '',                            'N',       'N',                     'N',       'N',       '',                     '');


